﻿Designator,Footprint,Quantity,Value,LCSC Part #
C5,0201,1,220 nF,C21120
"C6, C7",0201,2,1uF,C15849
"D1, D10, D11, D12, D13, D14, D15, D16, D17, D18, D2, D3, D4, D5, D6, D7, D8, D9",D_SOD-323,18,D,C2128
D20,D_SOD-123,1,MBR0540,C77337
J2,CONN-SMD_40P-P0.50_HCTL_HC-FPC-05-09-40RLTAG,1,Conn_01x40_MountingPin,C5213762
J3,FPC-SMD_15P-P1.00_HDGC_1.0K-GT-15PB,1,Conn_01x15_MountingPin,C2915527
L1,L_6.3x6.3_H3,1,22uH,C9391
R1,0201,1,5,C6145550
R2,0201,1,320,C863039
U1,QFN-48-1EP_6x6mm_P0.4mm_EP4.2x4.2mm,1,ICN6211,C246085
U2,WSON-6-1EP_2x2mm_P0.65mm_EP1x1.6mm,1,TPS61165DRV,C122568
